receptor_id,x,y,z
R003,390,275,221.2095238095238
R006,470,235,221.25476190476192
R011,550,275,221.29285714285714
R016,650,315,221.32857142857142
R021,910,195,221.37738095238095
