well_id,x,y,z
W01,300.0,230.0,221.15238095238095
W02,380.0,230.0,221.24761904761903
W03,460.0,240.0,221.29999999999998
W04,560.0,250.0,221.34761904761905
W05,680.0,260.0,221.38571428571427
W06,520.0,205.0,221.32857142857142
W07,520.0,295.0,221.32857142857142
